{"data": {"descri\u00e7\u00e3o": "Data e hora em que os dados foram registrados.", "tipo": "datetime"}, "temperatura_media": {"descri\u00e7\u00e3o": "Temperatura m\u00e9dia registrada na data.", "tipo": "float"}, "precipitacao": {"descri\u00e7\u00e3o": "Quantidade de precipita\u00e7\u00e3o registrada na data.", "tipo": "float"}, "fim_de_semana": {"descri\u00e7\u00e3o": "Indica se o dia \u00e9 um fim de semana (1) ou n\u00e3o (0).", "tipo": "int"}, "feriado": {"descri\u00e7\u00e3o": "Indica se o dia \u00e9 um feriado (1) ou n\u00e3o (0).", "tipo": "int"}, "preco_por_kg": {"descri\u00e7\u00e3o": "Pre\u00e7o por kg do produto vendido.", "tipo": "float"}, "promocao": {"descri\u00e7\u00e3o": "Indica se havia uma promo\u00e7\u00e3o ativa (1) ou n\u00e3o (0).", "tipo": "int"}, "demanda": {"descri\u00e7\u00e3o": "Demanda do produto na data.", "tipo": "float"}, "demanda_dos_dias_anteriores": {"descri\u00e7\u00e3o": "Demanda do produto no dia anterior.", "tipo": "float"}, "preco_por_kg_do_concorrente": {"descri\u00e7\u00e3o": "Pre\u00e7o por kg do produto oferecido por um concorrente.", "tipo": "float"}, "intensidade_de_marketing": {"descri\u00e7\u00e3o": "N\u00edvel de intensidade das atividades de marketing (campanhas, an\u00fancios) relacionadas ao produto.", "tipo": "float"}}